Participates in Reactome process as,Process type,UniProt,HGNC,Reactome process,MRegAtlas map 1,MRegAtlas map 2,MRegAtlas map 3,Website table,UniProt URL,Reactome URL,MRegAtlas map 1 URL,MRegAtlas map 2 URL,MRegAtlas map 3 URL
Protein,Phosphorylation,Q9NYG5,ANAPC11,Phosphorylation of Cdh1 by Cyclin A:Cdk2,,,,1a,http://www.uniprot.org/uniprot/Q9NYG5,http://reactome.org/PathwayBrowser/#/R-HSA-174079,,,
Protein,Phosphorylation,P32119,PRDX2,CDK5:p25 phosphorylates PRDX2,,,,1a,http://www.uniprot.org/uniprot/P32119,http://reactome.org/PathwayBrowser/#/R-HSA-8868573,,,
Protein,Phosphorylation,P06737,PYGL,glycogen phosphorylase (PYGL) dimer b + 2 ATP => glycogen phosphorylase (PYGL) dimer a + 2 ADP,Glycogen,,,1a,http://www.uniprot.org/uniprot/P06737,http://reactome.org/PathwayBrowser/#/R-HSA-71588,https://metabolismregulation.github.io/glycogen/,,
Protein,Phosphorylation,P09917,ALOX5,ALOX5 is phosphorylated by MAPKAP2,,,,1a,http://www.uniprot.org/uniprot/P09917,http://reactome.org/PathwayBrowser/#/R-HSA-429016,,,
Protein,Phosphorylation,P29474,NOS3,AKT1 phosphorylates eNOS,eNOS,,,1a,http://www.uniprot.org/uniprot/P29474,http://reactome.org/PathwayBrowser/#/R-HSA-202111,https://metabolismregulation.github.io/enos/,,
Protein,Phosphorylation,P11217,PYGM,glycogen phosphorylase (PYGM) dimer b + 2 ATP => glycogen phosphorylase (PYGM) dimer a + 2 ADP,Glycogen,,,1a,http://www.uniprot.org/uniprot/P11217,http://reactome.org/PathwayBrowser/#/R-HSA-71541,https://metabolismregulation.github.io/glycogen/,,
Protein,Phosphorylation,P19174,PLCG1,Phosphorylation of PLCG1 by ligand-responsive p-6Y-EGFR mutants,,,,1a,http://www.uniprot.org/uniprot/P19174,http://reactome.org/PathwayBrowser/#/R-HSA-1247844,,,
Protein,Phosphorylation,Q06830,PRDX1,CDK5:p25 phosphorylates PRDX1,,,,1a,http://www.uniprot.org/uniprot/Q06830,http://reactome.org/PathwayBrowser/#/R-HSA-8868567,,,
Protein,Phosphorylation,P11216,PYGB,glycogen phosphorylase (PYGB) dimer b + 2 ATP => glycogen phosphorylase (PYGB) dimer a + 2 ADP,,,,1a,http://www.uniprot.org/uniprot/P11216,http://reactome.org/PathwayBrowser/#/R-HSA-453337,,,
Protein,Phosphorylation,P15328,FOLR1,CSNK1D phosphorylates SEC23,,,,1a,http://www.uniprot.org/uniprot/P15328,http://reactome.org/PathwayBrowser/#/R-HSA-5694441,,,
Protein,Phosphorylation,Q03393,PTS,PTPS is phosphorylated by cGMP-dependant protein kinase II,,,,1a,http://www.uniprot.org/uniprot/Q03393,http://reactome.org/PathwayBrowser/#/R-HSA-1475422,,,
Protein,Phosphorylation,P16885,PLCG2,Phosphorylation and activation of PLCG,,,,1a,http://www.uniprot.org/uniprot/P16885,http://reactome.org/PathwayBrowser/#/R-HSA-2029268,,,
Protein,Phosphorylation,P14672,SLC2A4,GLUT4 vesicle fuses with the plasma membrane,,,,1a,http://www.uniprot.org/uniprot/P14672,http://reactome.org/PathwayBrowser/#/R-HSA-1449574,,,
Protein,Phosphorylation,P35270,SPR,Sepiapterin reductase (SPR) is phosphorylated by Ca2+/calmodulin-dependent protein kinase II,eNOS,,,1a,http://www.uniprot.org/uniprot/P35270,http://reactome.org/PathwayBrowser/#/R-HSA-1497853,https://metabolismregulation.github.io/enos/,,
Protein,Phosphorylation,Q9NY65,TUBA8,Phosphorylation of cohesin by PLK1 at centromeres,,,,1a,http://www.uniprot.org/uniprot/Q9NY65,http://reactome.org/PathwayBrowser/#/R-HSA-1638803,,,
Protein,Phosphorylation,P00533,EGFR,Phosphorylation of SHC1 by ligand-responsive p-6Y-EGFR mutants,Inositol phosphate,,,1a,http://www.uniprot.org/uniprot/P00533,http://reactome.org/PathwayBrowser/#/R-HSA-1225952,https://metabolismregulation.github.io/phosphoinositides/,,
Protein,Phosphorylation,Q16555,DPYSL2,Phosphorylation of CRMPs by Cdk5,,,,1a,http://www.uniprot.org/uniprot/Q16555,http://reactome.org/PathwayBrowser/#/R-HSA-399944,,,
Protein,Phosphorylation,P09622,DLD,BCKDK phosphorylates BCKDH,,,,1a,http://www.uniprot.org/uniprot/P09622,http://reactome.org/PathwayBrowser/#/R-HSA-5693148,,,
Protein,Phosphorylation,P47712,PLA2G4A,Phosphorylation of cPLA2 by ERK-2,Eicosanoids,,,1a,http://www.uniprot.org/uniprot/P47712,http://reactome.org/PathwayBrowser/#/R-HSA-111898,https://metabolismregulation.github.io/eicosanoids/,,
Protein,Other signalling,P11926,ODC1,Antizyme OAZ binds to Ornithine decarboxylase,,,,1b,http://www.uniprot.org/uniprot/P11926,http://reactome.org/PathwayBrowser/#/R-HSA-350567,,,
Protein,Other signalling,Q5FWF5,ESCO1,Acetylation of SMC3 subunit of chromosomal arm associated cohesin by ESCO1 or ESCO2,,,,1b,http://www.uniprot.org/uniprot/Q5FWF5,http://reactome.org/PathwayBrowser/#/R-HSA-2468039,,,
Protein,Other signalling,P08559,PDHA1,PDK-catalyzed phosphorylation (inactivation) of PDC E1 alpha subunit,,,,1b,http://www.uniprot.org/uniprot/P08559,http://reactome.org/PathwayBrowser/#/R-HSA-203946,,,
Protein,Other signalling,P06737,PYGL,"poly((1,4)-alpha-glucosyl) glycogenin-2 + n orthophosphate => glycogenin-2 + n D-glucose 1-phosphate [PYGL]",Glycogen,,,1b,http://www.uniprot.org/uniprot/P06737,http://reactome.org/PathwayBrowser/#/R-HSA-453339,https://metabolismregulation.github.io/glycogen/,,
Protein,Other signalling,P06858,LPL,chylomicron => TG-depleted chylomicron + 50 long-chain fatty acids + 50 diacylglycerols,,,,1b,http://www.uniprot.org/uniprot/P06858,http://reactome.org/PathwayBrowser/#/R-HSA-174757,,,
Protein,Other signalling,P19174,PLCG1,PLCG1 binds to ligand-responsive p-6Y-EGFR mutants,,,,1b,http://www.uniprot.org/uniprot/P19174,http://reactome.org/PathwayBrowser/#/R-HSA-1247841,,,
Protein,Other signalling,Q5VV43,KIAA0319,F- and N- BAR domain proteins bind the clathrin-coated pit,,,,1b,http://www.uniprot.org/uniprot/Q5VV43,http://reactome.org/PathwayBrowser/#/R-HSA-8867754,,,
Protein,Other signalling,P15328,FOLR1,Vesicle budding,,,,1b,http://www.uniprot.org/uniprot/P15328,http://reactome.org/PathwayBrowser/#/R-HSA-203973,,,
Protein,Other signalling,P25092,GUCY2C,"GUCY2C trimer binds GUCA2A,B",Estradiol,,,1b,http://www.uniprot.org/uniprot/P25092,http://reactome.org/PathwayBrowser/#/R-HSA-8936214,https://metabolismregulation.github.io/estrogen/,,
Protein,Other signalling,Q9Y4K0,LOXL2,Elastin cross-linking by lysyl oxidase,,,,1b,http://www.uniprot.org/uniprot/Q9Y4K0,http://reactome.org/PathwayBrowser/#/R-HSA-2129375,,,
Protein,Other signalling,Q9Y6K1,DNMT3A,PRC2 recruits DNA methyltransferases,,,,1b,http://www.uniprot.org/uniprot/Q9Y6K1,http://reactome.org/PathwayBrowser/#/R-HSA-212222,,,
Protein,Other signalling,P30048,PRDX3,"PRDX3,5 catalyze TXN2 reduced + H2O2 => TXN2 oxidized + 2H2O",,,,1b,http://www.uniprot.org/uniprot/P30048,http://reactome.org/PathwayBrowser/#/R-HSA-3322995,,,
Protein,Other signalling,Q05329,GAD2,Release of GABA at the synapse,,,,1b,http://www.uniprot.org/uniprot/Q05329,http://reactome.org/PathwayBrowser/#/R-HSA-888589,,,
Protein,Other signalling,Q96RQ3,MCCC1,HLCS biotinylates MCCC1:MCCC2,,,,1b,http://www.uniprot.org/uniprot/Q96RQ3,http://reactome.org/PathwayBrowser/#/R-HSA-2993799,,,
Protein,Other signalling,P16066,NPR1,NPPA(124-151) binds NPR1,,,,1b,http://www.uniprot.org/uniprot/P16066,http://reactome.org/PathwayBrowser/#/R-HSA-6784598,,,
Protein,Other signalling,P20594,NPR2,NPR2 binds NPPC,,,,1b,http://www.uniprot.org/uniprot/P20594,http://reactome.org/PathwayBrowser/#/R-HSA-5692408,,,
Protein,Other signalling,P15291,B4GALT1,Association of ADAM and B4GALT1 With ZP3,,,,1b,http://www.uniprot.org/uniprot/P15291,http://reactome.org/PathwayBrowser/#/R-HSA-1297338,,,
Protein,Other signalling,Q16795,NDUFA9,Intermediate 1 binds HP subcomplex to form Intermediate 2,,,,1b,http://www.uniprot.org/uniprot/Q16795,http://reactome.org/PathwayBrowser/#/R-HSA-6799178,,,
Protein,Other signalling,Q16555,DPYSL2,Interaction of NUMB with L1,,,,1b,http://www.uniprot.org/uniprot/Q16555,http://reactome.org/PathwayBrowser/#/R-HSA-443783,,,
Protein,Other signalling,P47712,PLA2G4A,Phospho-cPLA2 translocates to membranes when intracellular calcium levels increase,Eicosanoids,,,1b,http://www.uniprot.org/uniprot/P47712,http://reactome.org/PathwayBrowser/#/R-HSA-111881,https://metabolismregulation.github.io/eicosanoids/,,
Protein,Other signalling,P06865,HEXA,Hexosaminidase A cleaves GalNAc from GM2 to form GM3,,,,1b,http://www.uniprot.org/uniprot/P06865,http://reactome.org/PathwayBrowser/#/R-HSA-1605595,,,
Protein,Other signalling,P32019,INPP5B,GAPs inactivate Rho GTPase:GTP by hydrolysis,Inositol phosphate,,,1b,http://www.uniprot.org/uniprot/P32019,http://reactome.org/PathwayBrowser/#/R-HSA-194922,https://metabolismregulation.github.io/phosphoinositides/,,
Protein,Other signalling,Q8TC12,RDH11,"RDH10,11 oxidise 11cROL to 11cRAL",,,,1b,http://www.uniprot.org/uniprot/Q8TC12,http://reactome.org/PathwayBrowser/#/R-HSA-74872,,,
Protein,Other signalling,P11217,PYGM,"poly((1,4)-alpha-glycosyl) glycogenin-1 + n orthophosphate => glycogenin-1 + n D-glucose 1-phosphate [PYGM,PYGB]",Glycogen,,,1b,http://www.uniprot.org/uniprot/P11217,http://reactome.org/PathwayBrowser/#/R-HSA-453358,https://metabolismregulation.github.io/glycogen/,,
Protein,Other signalling,O75610,LEFTY1,LEFTY binds NODAL,,,,1b,http://www.uniprot.org/uniprot/O75610,http://reactome.org/PathwayBrowser/#/R-HSA-1181352,,,
Protein,Other signalling,Q9UBC3,DNMT3B,PRC2 recruits DNA methyltransferases,,,,1b,http://www.uniprot.org/uniprot/Q9UBC3,http://reactome.org/PathwayBrowser/#/R-HSA-212222,,,
Protein,Other signalling,O75452,RDH16,RDH5 oxidises 11cROL to 11cRAL,,,,1b,http://www.uniprot.org/uniprot/O75452,http://reactome.org/PathwayBrowser/#/R-HSA-2454081,,,
Protein,Other signalling,P11216,PYGB,"PGYB b dimer:AMP complex <=> PGYB dimer, b form + 2 AMP",,,,1b,http://www.uniprot.org/uniprot/P11216,http://reactome.org/PathwayBrowser/#/R-HSA-453346,,,
Protein,Other signalling,Q9NQR1,KMT5A,SETD8 monomethylates histone H4,,,,1b,http://www.uniprot.org/uniprot/Q9NQR1,http://reactome.org/PathwayBrowser/#/R-HSA-2301205,,,
Protein,Other signalling,P17516,AKR1C4,AKRs reduce RBP2:atRAL to RBP2:atROL,,,,1b,http://www.uniprot.org/uniprot/P17516,http://reactome.org/PathwayBrowser/#/R-HSA-2855252,,,
Protein,Other signalling,P11498,PC,HLCS biotinylates PC:Mn2+,,,,1b,http://www.uniprot.org/uniprot/P11498,http://reactome.org/PathwayBrowser/#/R-HSA-2993802,,,
Protein,Other signalling,O75251,NDUFS7,NUBPL transfers 4Fe-4S to Complex I subunits,,,,1b,http://www.uniprot.org/uniprot/O75251,http://reactome.org/PathwayBrowser/#/R-HSA-6788523,,,
Protein,Other signalling,Q9BYF1,ACE2,ACE2 hydrolyzes Angiotensin-(1-10) to Angiotensin-(1-9),,,,1b,http://www.uniprot.org/uniprot/Q9BYF1,http://reactome.org/PathwayBrowser/#/R-HSA-2022378,,,
Protein,Other signalling,Q08828,ADCY1,G alpha (s) activates adenylate cyclase,Glycolysis,Glycogen,Estradiol,1b,http://www.uniprot.org/uniprot/Q08828,http://reactome.org/PathwayBrowser/#/R-HSA-163617,https://metabolismregulation.github.io/glycolysis/,https://metabolismregulation.github.io/glycogen/,https://metabolismregulation.github.io/estrogen/
Protein,Other signalling,O60331,PIP5K1C,Inhibition of integrin activation by sequestering PIP5KIgamma,,,,1b,http://www.uniprot.org/uniprot/O60331,http://reactome.org/PathwayBrowser/#/R-HSA-399936,,,
Protein,Other signalling,Q9NY59,SMPD3,"TNF-alpha:TNFR1:NSMAF:GNB2L1 associates with SMPD2,3",,,,1b,http://www.uniprot.org/uniprot/Q9NY59,http://reactome.org/PathwayBrowser/#/R-HSA-5626981,,,
Protein,Other signalling,P08574,CYC1,Electron transfer from ubiquinol to cytochrome c of complex III,,,,1b,http://www.uniprot.org/uniprot/P08574,http://reactome.org/PathwayBrowser/#/R-HSA-164651,,,
Protein,Other signalling,P47985,UQCRFS1,Electron transfer from ubiquinol to cytochrome c of complex III,,,,1b,http://www.uniprot.org/uniprot/P47985,http://reactome.org/PathwayBrowser/#/R-HSA-164651,,,
Protein,Other signalling,P00533,EGFR,F- and N- BAR domain proteins bind the clathrin-coated pit,Inositol phosphate,,,1b,http://www.uniprot.org/uniprot/P00533,http://reactome.org/PathwayBrowser/#/R-HSA-8867754,https://metabolismregulation.github.io/phosphoinositides/,,
Protein,Other signalling,P07686,HEXB,Hexosaminidase A cleaves GalNAc from GM2 to form GM3,,,,1b,http://www.uniprot.org/uniprot/P07686,http://reactome.org/PathwayBrowser/#/R-HSA-1605595,,,
Protein,Other signalling,P47989,XDH,BTN1A1 binds xanthine oxidoreductase (XDH),,,,1b,http://www.uniprot.org/uniprot/P47989,http://reactome.org/PathwayBrowser/#/R-HSA-8851044,,,
Protein,Other signalling,P09622,DLD,PDK-catalyzed phosphorylation (inactivation) of PDC E1 alpha subunit,,,,1b,http://www.uniprot.org/uniprot/P09622,http://reactome.org/PathwayBrowser/#/R-HSA-203946,,,
Protein,Other signalling,Q92835,INPP5D,Interaction of PECAM-1 and SHIP,Inositol phosphate,,,1b,http://www.uniprot.org/uniprot/Q92835,http://reactome.org/PathwayBrowser/#/R-HSA-210290,https://metabolismregulation.github.io/phosphoinositides/,,
Protein,Other signalling,P29474,NOS3,The cofactor BH4 is required for electron transfer in the eNOS catalytic cycle,eNOS,,,1b,http://www.uniprot.org/uniprot/P29474,http://reactome.org/PathwayBrowser/#/R-HSA-1497784,https://metabolismregulation.github.io/enos/,,
Protein,Other signalling,P31350,RRM2,RNR (M1M2) reduces nucleotide diphosphates to deoxynucleotide diphosphates (glutaredoxin),,,,1b,http://www.uniprot.org/uniprot/P31350,http://reactome.org/PathwayBrowser/#/R-HSA-111742,,,
Protein,Other signalling,P35354,PTGS2,PTGS2 dimer binds celecoxib,Eicosanoids,Aspirin,,1b,http://www.uniprot.org/uniprot/P35354,http://reactome.org/PathwayBrowser/#/R-HSA-2309779,https://metabolismregulation.github.io/eicosanoids/,https://metabolismregulation.github.io/aspirin/,
Protein,Other signalling,O00443,PIK3C2A,trans-Golgi Network Coat Assembly,,,,1b,http://www.uniprot.org/uniprot/O00443,http://reactome.org/PathwayBrowser/#/R-HSA-421831,,,
Protein,Other signalling,O95299,NDUFA10,Intermediate 1 binds HP subcomplex to form Intermediate 2,,,,1b,http://www.uniprot.org/uniprot/O95299,http://reactome.org/PathwayBrowser/#/R-HSA-6799178,,,
Protein,Other signalling,P19634,SLC9A1,HA:HAR:HYAL2 binds to SLC9A1:p-CHP:Ca2+,,,,1b,http://www.uniprot.org/uniprot/P19634,http://reactome.org/PathwayBrowser/#/R-HSA-2160884,,,
Protein,Other signalling,Q9NY65,TUBA8,ERGIC-to-Golgi vesicles bind dynein:dynactin,,,,1b,http://www.uniprot.org/uniprot/Q9NY65,http://reactome.org/PathwayBrowser/#/R-HSA-6809003,,,
Protein,Other signalling,P04180,LCAT,LCAT + discoidal HDL <=> LCAT:discoidal HDL complex,,,,1b,http://www.uniprot.org/uniprot/P04180,http://reactome.org/PathwayBrowser/#/R-HSA-264678,,,
Protein,Other signalling,Q96KQ7,EHMT2,Cdh1:APC/C ubiquitinates EHMT1 and EHMT2,,,,1b,http://www.uniprot.org/uniprot/Q96KQ7,http://reactome.org/PathwayBrowser/#/R-HSA-3788724,,,
Protein,Other signalling,O60266,ADCY3,G alpha (s) activates adenylate cyclase,Glycolysis,Glycogen,Estradiol,1b,http://www.uniprot.org/uniprot/O60266,http://reactome.org/PathwayBrowser/#/R-HSA-163617,https://metabolismregulation.github.io/glycolysis/,https://metabolismregulation.github.io/glycogen/,https://metabolismregulation.github.io/estrogen/
Protein,Other signalling,P31040,SDHA,Transfer of electrons through the succinate dehydrogenase complex,,,,1b,http://www.uniprot.org/uniprot/P31040,http://reactome.org/PathwayBrowser/#/R-HSA-163213,,,
Protein,Other signalling,P00441,SOD1,CCS transfers Cu to SOD1,,,,1b,http://www.uniprot.org/uniprot/P00441,http://reactome.org/PathwayBrowser/#/R-HSA-3299753,,,
Protein,Other signalling,P26358,DNMT1,PRC2 recruits DNA methyltransferases,,,,1b,http://www.uniprot.org/uniprot/P26358,http://reactome.org/PathwayBrowser/#/R-HSA-212222,,,
Protein,Other signalling,O43463,SUV39H1,eNoSC deacetylates histone H3,,,,1b,http://www.uniprot.org/uniprot/O43463,http://reactome.org/PathwayBrowser/#/R-HSA-427514,,,
Protein,Other signalling,O95622,ADCY5,G alpha (s) activates adenylate cyclase,Glycolysis,Glycogen,Estradiol,1b,http://www.uniprot.org/uniprot/O95622,http://reactome.org/PathwayBrowser/#/R-HSA-163617,https://metabolismregulation.github.io/glycolysis/,https://metabolismregulation.github.io/glycogen/,https://metabolismregulation.github.io/estrogen/
Protein,Other signalling,Q9NYG5,ANAPC11,Cdh1:APC/C ubiquitinates EHMT1 and EHMT2,,,,1b,http://www.uniprot.org/uniprot/Q9NYG5,http://reactome.org/PathwayBrowser/#/R-HSA-3788724,,,
Protein,Other signalling,P32119,PRDX2,"PRDX1,2,5 catalyze TXN reduced + H2O2 => TXN oxidized + 2H2O",,,,1b,http://www.uniprot.org/uniprot/P32119,http://reactome.org/PathwayBrowser/#/R-HSA-3341343,,,
Protein,Other signalling,P51970,NDUFA8,Intermediate 1 binds HP subcomplex to form Intermediate 2,,,,1b,http://www.uniprot.org/uniprot/P51970,http://reactome.org/PathwayBrowser/#/R-HSA-6799178,,,
Protein,Other signalling,P78356,PIP4K2B,PIN1 binds phosphorylated PIP4K2B,,,,1b,http://www.uniprot.org/uniprot/P78356,http://reactome.org/PathwayBrowser/#/R-HSA-8877692,,,
Protein,Other signalling,O43306,ADCY6,G alpha (s) activates adenylate cyclase,Glycolysis,Glycogen,Estradiol,1b,http://www.uniprot.org/uniprot/O43306,http://reactome.org/PathwayBrowser/#/R-HSA-163617,https://metabolismregulation.github.io/glycolysis/,https://metabolismregulation.github.io/glycogen/,https://metabolismregulation.github.io/estrogen/
Protein,Other signalling,Q06830,PRDX1,"PRDX1,2,5 catalyze TXN reduced + H2O2 => TXN oxidized + 2H2O",,,,1b,http://www.uniprot.org/uniprot/Q06830,http://reactome.org/PathwayBrowser/#/R-HSA-3341343,,,
Protein,Other signalling,O43865,AHCYL1,"AHCYL1:NAD+ binds ITPR1:I(1,3,5)P3 tetramer, inhibiting it",,,,1b,http://www.uniprot.org/uniprot/O43865,http://reactome.org/PathwayBrowser/#/R-HSA-5226904,,,
Protein,Other signalling,P16885,PLCG2,Recruitment of PLCgamma to membrane,,,,1b,http://www.uniprot.org/uniprot/P16885,http://reactome.org/PathwayBrowser/#/R-HSA-2029270,,,
Protein,Other signalling,P15289,ARSA,Active ARSA translocates to the lysosome,,,,1b,http://www.uniprot.org/uniprot/P15289,http://reactome.org/PathwayBrowser/#/R-HSA-2248891,,,
Protein,Other signalling,P08195,SLC3A2,Basigin binds CD98 complex,,,,1b,http://www.uniprot.org/uniprot/P08195,http://reactome.org/PathwayBrowser/#/R-HSA-375131,,,
Protein,Other signalling,P25874,UCP1,FA anion flip-flops to the opposite surface,,,,1b,http://www.uniprot.org/uniprot/P25874,http://reactome.org/PathwayBrowser/#/R-HSA-166214,,,
Protein,Expression,O95477,ABCA1,Expression of ABCA1,,,,1c,http://www.uniprot.org/uniprot/O95477,http://reactome.org/PathwayBrowser/#/R-HSA-1989765,,,
Protein,Expression,Q16790,CA9,Expression of Carbonic Anhydrase IX (CA9),,,,1c,http://www.uniprot.org/uniprot/Q16790,http://reactome.org/PathwayBrowser/#/R-HSA-1235035,,,
Protein,Expression,Q9H5J4,ELOVL6,Expression of ELOVL6,,,,1c,http://www.uniprot.org/uniprot/Q9H5J4,http://reactome.org/PathwayBrowser/#/R-HSA-1655835,,,
Protein,Expression,P54868,HMGCS2,Expression of HMGCS2,Mevalonate,,,1c,http://www.uniprot.org/uniprot/P54868,http://reactome.org/PathwayBrowser/#/R-HSA-1989760,https://metabolismregulation.github.io/mevalonate/,,
Protein,Expression,P04179,SOD2,SOD2 (MnSOD) gene expression,,,,1c,http://www.uniprot.org/uniprot/P04179,http://reactome.org/PathwayBrowser/#/R-HSA-8870703,,,
Protein,Expression,Q16881,TXNRD1,Expression of TXNRD1,,,,1c,http://www.uniprot.org/uniprot/Q16881,http://reactome.org/PathwayBrowser/#/R-HSA-1989752,,,
Protein,Expression,Q06520,SULT2A1,Expression of SULT2A1,,,,1c,http://www.uniprot.org/uniprot/Q06520,http://reactome.org/PathwayBrowser/#/R-HSA-1989775,,,
Protein,Expression,O00763,ACACB,"Expression of Acetyl CoA Carboxylase 2 (ACACB, ACC2)",Acyl-carnitine,,,1c,http://www.uniprot.org/uniprot/O00763,http://reactome.org/PathwayBrowser/#/R-HSA-1655830,https://metabolismregulation.github.io/carnitine/,,
Protein,Expression,P35558,PCK1,Expression of Phosphoenolpyruvate carboxykinase 1 (PEPCK-C),,,,1c,http://www.uniprot.org/uniprot/P35558,http://reactome.org/PathwayBrowser/#/R-HSA-560472,,,
Protein,Expression,P11310,ACADM,Expression of ACADM,,,,1c,http://www.uniprot.org/uniprot/P11310,http://reactome.org/PathwayBrowser/#/R-HSA-1989745,,,
Protein,Expression,P14672,SLC2A4,Expression of GLUT4,,,,1c,http://www.uniprot.org/uniprot/P14672,http://reactome.org/PathwayBrowser/#/R-HSA-1183032,,,
Protein,Expression,P21439,ABCB4,Expression of ABCB4,,,,1c,http://www.uniprot.org/uniprot/P21439,http://reactome.org/PathwayBrowser/#/R-HSA-1989762,,,
Protein,Expression,O14773,TPP1,Expression of TPP1,,,,1c,http://www.uniprot.org/uniprot/O14773,http://reactome.org/PathwayBrowser/#/R-HSA-1791138,,,
Protein,Expression,P0DMM9,SULT1A3,Expression of SULT1A3,,,,1c,http://www.uniprot.org/uniprot/P0DMM9,http://reactome.org/PathwayBrowser/#/R-HSA-1791108,,,
Protein,Expression,P49748,ACADVL,Expression of ACADVL,,,,1c,http://www.uniprot.org/uniprot/P49748,http://reactome.org/PathwayBrowser/#/R-HSA-1791069,,,
Complex component,Phosphorylation,Q9NY65,TUBA8,Phosphorylation of cohesin by PLK1 at centromeres,,,,2a,http://www.uniprot.org/uniprot/Q9NY65,http://reactome.org/PathwayBrowser/#/R-HSA-1638803,,,
Complex component,Phosphorylation,P09622,DLD,BCKDK phosphorylates BCKDH,,,,2a,http://www.uniprot.org/uniprot/P09622,http://reactome.org/PathwayBrowser/#/R-HSA-5693148,,,
Complex component,Other signalling,P06865,HEXA,Hexosaminidase A cleaves GalNAc from GM2 to form GM3,,,,2b,http://www.uniprot.org/uniprot/P06865,http://reactome.org/PathwayBrowser/#/R-HSA-1605595,,,
Complex component,Other signalling,P08559,PDHA1,PDK-catalyzed phosphorylation (inactivation) of PDC E1 alpha subunit,,,,2b,http://www.uniprot.org/uniprot/P08559,http://reactome.org/PathwayBrowser/#/R-HSA-203946,,,
Complex component,Other signalling,P51970,NDUFA8,Intermediate 1 binds HP subcomplex to form Intermediate 2,,,,2b,http://www.uniprot.org/uniprot/P51970,http://reactome.org/PathwayBrowser/#/R-HSA-6799178,,,
Complex component,Other signalling,P31350,RRM2,RNR (M1M2) reduces nucleotide diphosphates to deoxynucleotide diphosphates (glutaredoxin),,,,2b,http://www.uniprot.org/uniprot/P31350,http://reactome.org/PathwayBrowser/#/R-HSA-111742,,,
Complex component,Other signalling,O95299,NDUFA10,Intermediate 1 binds HP subcomplex to form Intermediate 2,,,,2b,http://www.uniprot.org/uniprot/O95299,http://reactome.org/PathwayBrowser/#/R-HSA-6799178,,,
Complex component,Other signalling,O75251,NDUFS7,NUBPL transfers 4Fe-4S to Complex I subunits,,,,2b,http://www.uniprot.org/uniprot/O75251,http://reactome.org/PathwayBrowser/#/R-HSA-6788523,,,
Complex component,Other signalling,Q9NY65,TUBA8,ERGIC-to-Golgi vesicles bind dynein:dynactin,,,,2b,http://www.uniprot.org/uniprot/Q9NY65,http://reactome.org/PathwayBrowser/#/R-HSA-6809003,,,
Complex component,Other signalling,Q96RQ3,MCCC1,HLCS biotinylates MCCC1:MCCC2,,,,2b,http://www.uniprot.org/uniprot/Q96RQ3,http://reactome.org/PathwayBrowser/#/R-HSA-2993799,,,
Complex component,Other signalling,P08195,SLC3A2,Basigin binds CD98 complex,,,,2b,http://www.uniprot.org/uniprot/P08195,http://reactome.org/PathwayBrowser/#/R-HSA-375131,,,
Complex component,Other signalling,P31040,SDHA,Transfer of electrons through the succinate dehydrogenase complex,,,,2b,http://www.uniprot.org/uniprot/P31040,http://reactome.org/PathwayBrowser/#/R-HSA-163213,,,
Complex component,Other signalling,P08574,CYC1,Electron transfer from ubiquinol to cytochrome c of complex III,,,,2b,http://www.uniprot.org/uniprot/P08574,http://reactome.org/PathwayBrowser/#/R-HSA-164651,,,
Complex component,Other signalling,P15291,B4GALT1,Association of ADAM and B4GALT1 With ZP3,,,,2b,http://www.uniprot.org/uniprot/P15291,http://reactome.org/PathwayBrowser/#/R-HSA-1297338,,,
Complex component,Other signalling,P47985,UQCRFS1,Electron transfer from ubiquinol to cytochrome c of complex III,,,,2b,http://www.uniprot.org/uniprot/P47985,http://reactome.org/PathwayBrowser/#/R-HSA-164651,,,
Complex component,Other signalling,Q16795,NDUFA9,Intermediate 1 binds HP subcomplex to form Intermediate 2,,,,2b,http://www.uniprot.org/uniprot/Q16795,http://reactome.org/PathwayBrowser/#/R-HSA-6799178,,,
Complex component,Other signalling,P07686,HEXB,Hexosaminidase A cleaves GalNAc from GM2 to form GM3,,,,2b,http://www.uniprot.org/uniprot/P07686,http://reactome.org/PathwayBrowser/#/R-HSA-1605595,,,
Complex component,Other signalling,P09622,DLD,PDK-catalyzed phosphorylation (inactivation) of PDC E1 alpha subunit,,,,2b,http://www.uniprot.org/uniprot/P09622,http://reactome.org/PathwayBrowser/#/R-HSA-203946,,,
Complex component,Expression,O00763,ACACB,"Expression of Acetyl CoA Carboxylase 2 (ACACB, ACC2)",Acyl-carnitine,,,2c,http://www.uniprot.org/uniprot/O00763,http://reactome.org/PathwayBrowser/#/R-HSA-1655830,https://metabolismregulation.github.io/carnitine/,,
Complex component,Expression,P11310,ACADM,Expression of ACADM,,,,2c,http://www.uniprot.org/uniprot/P11310,http://reactome.org/PathwayBrowser/#/R-HSA-1989745,,,
Complex component,Expression,P49748,ACADVL,Expression of ACADVL,,,,2c,http://www.uniprot.org/uniprot/P49748,http://reactome.org/PathwayBrowser/#/R-HSA-1791069,,,
