<?xml version="1.0" encoding="UTF-8" standalone="yes"?>
<sbgn xmlns="http://sbgn.org/libsbgn/0.2">
    <map language="process description">
        <glyph compartmentOrder="-72.0" id="glyph1" class="compartment">
            <label text="CYTOSOL">
                <bbox y="523.0" x="677.0" h="18.0" w="76.0"/>
            </label>
            <bbox y="515.0" x="75.0" h="740.0" w="1280.0"/>
        </glyph>
        <glyph compartmentOrder="-71.0" id="glyph2" class="compartment">
            <label text="NUCLEUS">
                <bbox y="903.0" x="709.0" h="18.0" w="72.0"/>
            </label>
            <bbox y="895.0" x="420.0" h="340.0" w="650.0"/>
        </glyph>
        <glyph compartmentOrder="-70.0" id="glyph3" class="compartment">
            <label text="PLASMA MEMBRANE">
                <bbox y="138.0" x="643.0" h="18.0" w="144.0"/>
            </label>
            <bbox y="130.0" x="75.0" h="370.0" w="1280.0"/>
        </glyph>
        <glyph compartmentOrder="-69.0" id="glyph4" class="compartment">
            <label text="Mitochondria">
                <bbox y="948.0" x="200.0" h="18.0" w="90.0"/>
            </label>
            <bbox y="940.0" x="90.0" h="230.0" w="310.0"/>
        </glyph>
        <glyph compartmentOrder="-68.0" id="glyph6" class="compartment">
            <label text="EXTRACELLULAR SPACE">
                <bbox y="48.0" x="203.0" h="18.0" w="174.0"/>
            </label>
            <bbox y="40.0" x="75.0" h="80.0" w="430.0"/>
        </glyph>
        <glyph compartmentRef="glyph4" id="glyph25" class="simple chemical">
            <label text="pregnenolone"/>
            <bbox y="982.0" x="110.0" h="36.0" w="90.0"/>
        </glyph>
        <glyph compartmentRef="glyph4" id="glyph42" class="macromolecule">
            <label text="P450scc"/>
            <bbox y="1050.0" x="215.0" h="40.0" w="80.0"/>
        </glyph>
        <glyph compartmentRef="glyph3" id="glyph46" class="macromolecule">
            <label text="EP2"/>
            <bbox y="215.0" x="130.0" h="40.0" w="80.0"/>
        </glyph>
        <glyph compartmentRef="glyph6" id="glyph21" class="simple chemical">
            <label text="prostaglanine E2"/>
            <bbox y="75.0" x="130.0" h="30.0" w="120.0"/>
        </glyph>
        <glyph id="glyph68" class="process">
            <bbox y="226.0" x="296.0" h="18.0" w="18.0"/>
            <port y="235.0" x="287.0" id="glyph68.1"/>
            <port y="235.0" x="323.0" id="glyph68.2"/>
        </glyph>
        <glyph compartmentRef="glyph3" id="glyph37" class="macromolecule">
            <label text="ADCY"/>
            <bbox y="300.0" x="1200.0" h="40.0" w="80.0"/>
            <glyph id="glyph37a" class="state variable">
                <state value="inactive"/>
                <bbox y="328.0" x="1211.5" h="24.0" w="57.0"/>
            </glyph>
        </glyph>
        <glyph compartmentRef="glyph3" id="glyph43" class="macromolecule">
            <label text="ADCY"/>
            <bbox y="435.0" x="1200.0" h="40.0" w="80.0"/>
            <glyph id="glyph43a" class="state variable">
                <state value="active"/>
                <bbox y="464.0" x="1216.0" h="22.0" w="48.0"/>
            </glyph>
        </glyph>
        <glyph compartmentRef="glyph2" id="glyph45" class="macromolecule">
            <label text="CREB"/>
            <bbox y="915.0" x="915.0" h="40.0" w="80.0"/>
            <glyph id="glyph45a" class="state variable">
                <bbox y="945.0" x="945.0" h="20.0" w="20.0"/>
            </glyph>
        </glyph>
        <glyph compartmentRef="glyph2" id="glyph24" class="nucleic acid feature">
            <label text="StAR"/>
            <bbox y="1125.0" x="440.0" h="40.0" w="80.0"/>
            <glyph id="glyph24a" class="unit of information">
                <label text="ct:gene"/>
                <bbox y="1117.0" x="454.5" h="16.0" w="51.0"/>
            </glyph>
        </glyph>
        <glyph compartmentRef="glyph2" id="glyph57" class="source and sink">
            <bbox y="1192.0" x="557.0" h="36.0" w="36.0"/>
        </glyph>
        <glyph compartmentRef="glyph4" id="glyph27" class="simple chemical">
            <label text="cholesterol"/>
            <bbox y="982.0" x="295.0" h="36.0" w="90.0"/>
        </glyph>
        <glyph compartmentRef="glyph1" id="glyph26" class="simple chemical">
            <label text="cholesterol"/>
            <bbox y="637.0" x="295.0" h="36.0" w="90.0"/>
        </glyph>
        <glyph id="glyph67" orientation="vertical" class="uncertain process">
            <bbox y="736.0" x="331.0" h="18.0" w="18.0"/>
            <port y="763.0" x="340.0" id="glyph67.2"/>
            <port y="727.0" x="340.0" id="glyph67.1"/>
        </glyph>
        <glyph compartmentRef="glyph1" id="glyph14" class="macromolecule multimer">
            <label text="PKA reg"/>
            <bbox y="620.0" x="740.0" h="40.0" w="80.0"/>
            <glyph id="glyph14a" class="unit of information">
                <label text="N:2"/>
                <bbox y="612.0" x="764.5" h="16.0" w="31.0"/>
            </glyph>
            <glyph id="glyph14b" class="state variable">
                <state value="1:cAMP"/>
                <bbox y="648.0" x="731.5" h="24.0" w="57.0"/>
            </glyph>
            <glyph id="glyph14c" class="state variable">
                <state value="2:cAMP"/>
                <bbox y="648.0" x="771.5" h="24.0" w="57.0"/>
            </glyph>
        </glyph>
        <glyph id="glyph71" class="process">
            <bbox y="716.0" x="856.0" h="18.0" w="18.0"/>
            <port y="725.0" x="883.0" id="glyph71.2"/>
            <port y="725.0" x="847.0" id="glyph71.1"/>
        </glyph>
        <glyph compartmentRef="glyph3" id="glyph10" class="complex">
            <bbox y="185.0" x="365.0" h="110.0" w="150.0"/>
            <glyph id="glyph33" class="macromolecule">
                <label text="EP2"/>
                <bbox y="240.0" x="395.0" h="40.0" w="80.0"/>
            </glyph>
            <glyph id="glyph20" class="simple chemical">
                <label text="prostaglanine E2"/>
                <bbox y="195.0" x="380.0" h="30.0" w="120.0"/>
            </glyph>
        </glyph>
        <glyph id="glyph62" orientation="vertical" class="process">
            <bbox y="376.0" x="1231.0" h="18.0" w="18.0"/>
            <port y="367.0" x="1240.0" id="glyph62.1"/>
            <port y="403.0" x="1240.0" id="glyph62.2"/>
        </glyph>
        <glyph compartmentRef="glyph3" id="glyph5" class="complex">
            <bbox y="155.0" x="645.0" h="170.0" w="210.0"/>
            <glyph id="glyph30" class="macromolecule">
                <label text="EP2"/>
                <bbox y="210.0" x="675.0" h="40.0" w="80.0"/>
            </glyph>
            <glyph id="glyph18" class="simple chemical">
                <label text="prostaglanine E2"/>
                <bbox y="165.0" x="660.0" h="30.0" w="120.0"/>
            </glyph>
            <glyph id="glyph47" class="macromolecule">
                <label text="Gsα"/>
                <bbox y="210.0" x="765.0" h="40.0" w="80.0"/>
            </glyph>
            <glyph id="glyph50" class="macromolecule">
                <label text="Gsβ"/>
                <bbox y="260.0" x="765.0" h="40.0" w="80.0"/>
            </glyph>
            <glyph id="glyph36" class="macromolecule">
                <label text="Gsγ"/>
                <bbox y="260.0" x="675.0" h="40.0" w="80.0"/>
            </glyph>
        </glyph>
        <glyph compartmentRef="glyph3" id="glyph7" class="complex">
            <bbox y="160.0" x="955.0" h="160.0" w="210.0"/>
            <glyph id="glyph32" class="macromolecule">
                <label text="Gsγ"/>
                <bbox y="265.0" x="1070.0" h="40.0" w="80.0"/>
            </glyph>
            <glyph id="glyph48" class="macromolecule">
                <label text="Gsβ"/>
                <bbox y="215.0" x="1070.0" h="40.0" w="80.0"/>
            </glyph>
            <glyph id="glyph38" class="macromolecule">
                <label text="EP2"/>
                <bbox y="215.0" x="980.0" h="40.0" w="80.0"/>
            </glyph>
            <glyph id="glyph19" class="simple chemical">
                <label text="prostaglanine E2"/>
                <bbox y="170.0" x="965.0" h="30.0" w="120.0"/>
            </glyph>
        </glyph>
        <glyph id="glyph61" class="process">
            <bbox y="231.0" x="896.0" h="18.0" w="18.0"/>
            <port y="240.0" x="887.0" id="glyph61.1"/>
            <port y="240.0" x="923.0" id="glyph61.2"/>
        </glyph>
        <glyph compartmentRef="glyph3" id="glyph39" class="macromolecule">
            <label text="Gsα"/>
            <bbox y="365.0" x="885.0" h="40.0" w="80.0"/>
        </glyph>
        <glyph compartmentRef="glyph1" id="glyph52" class="simple chemical">
            <label text="ATP"/>
            <bbox y="585.0" x="1280.0" h="30.0" w="60.0"/>
        </glyph>
        <glyph compartmentRef="glyph1" id="glyph53" class="simple chemical">
            <label text="PPi"/>
            <bbox y="525.0" x="1130.0" h="30.0" w="60.0"/>
        </glyph>
        <glyph id="glyph70" class="process">
            <bbox y="591.0" x="1231.0" h="18.0" w="18.0"/>
            <port y="600.0" x="1258.0" id="glyph70.2"/>
            <port y="600.0" x="1222.0" id="glyph70.1"/>
        </glyph>
        <glyph compartmentRef="glyph1" id="glyph9" class="complex">
            <bbox y="650.0" x="1160.0" h="150.0" w="130.0"/>
            <glyph id="glyph17" class="macromolecule multimer">
                <label text="PKA cat"/>
                <bbox y="740.0" x="1185.0" h="40.0" w="80.0"/>
                <glyph id="glyph17a" class="unit of information">
                    <label text="N:2"/>
                    <bbox y="732.0" x="1209.5" h="16.0" w="31.0"/>
                </glyph>
            </glyph>
            <glyph id="glyph16" class="macromolecule multimer">
                <label text="PKA reg"/>
                <bbox y="670.0" x="1185.0" h="40.0" w="80.0"/>
                <glyph id="glyph16a" class="unit of information">
                    <label text="N:2"/>
                    <bbox y="662.0" x="1209.5" h="16.0" w="31.0"/>
                </glyph>
            </glyph>
        </glyph>
        <glyph compartmentRef="glyph1" id="glyph54" class="simple chemical">
            <label text="cAMP"/>
            <bbox y="585.0" x="1075.0" h="30.0" w="60.0"/>
        </glyph>
        <glyph id="glyph69" class="process">
            <bbox y="716.0" x="1081.0" h="18.0" w="18.0"/>
            <port y="725.0" x="1108.0" id="glyph69.2"/>
            <port y="725.0" x="1072.0" id="glyph69.1"/>
        </glyph>
        <glyph compartmentRef="glyph1" id="glyph8" class="complex">
            <bbox y="650.0" x="910.0" h="150.0" w="130.0"/>
            <glyph id="glyph15" class="macromolecule multimer">
                <label text="PKA cat"/>
                <bbox y="740.0" x="940.0" h="40.0" w="80.0"/>
                <glyph id="glyph15a" class="unit of information">
                    <label text="N:2"/>
                    <bbox y="732.0" x="964.5" h="16.0" w="31.0"/>
                </glyph>
            </glyph>
            <glyph id="glyph13" class="macromolecule multimer">
                <label text="PKA reg"/>
                <bbox y="670.0" x="940.0" h="40.0" w="80.0"/>
                <glyph id="glyph13a" class="unit of information">
                    <label text="N:2"/>
                    <bbox y="662.0" x="964.5" h="16.0" w="31.0"/>
                </glyph>
                <glyph id="glyph13b" class="state variable">
                    <state value="1:cAMP"/>
                    <bbox y="698.0" x="931.5" h="24.0" w="57.0"/>
                </glyph>
                <glyph id="glyph13c" class="state variable">
                    <state value="2:cAMP"/>
                    <bbox y="698.0" x="971.5" h="24.0" w="57.0"/>
                </glyph>
            </glyph>
        </glyph>
        <glyph compartmentRef="glyph1" id="glyph44" class="macromolecule">
            <label text="StAR"/>
            <bbox y="725.0" x="420.0" h="40.0" w="80.0"/>
        </glyph>
        <glyph compartmentRef="glyph1" id="glyph58" class="source and sink">
            <bbox y="727.0" x="632.0" h="36.0" w="36.0"/>
        </glyph>
        <glyph id="glyph72" class="process">
            <bbox y="736.0" x="566.0" h="18.0" w="18.0"/>
            <port y="745.0" x="557.0" id="glyph72.1"/>
            <port y="745.0" x="593.0" id="glyph72.2"/>
        </glyph>
        <glyph compartmentRef="glyph2" id="glyph23" class="nucleic acid feature">
            <label text="StAR"/>
            <bbox y="1055.0" x="535.0" h="40.0" w="80.0"/>
            <glyph id="glyph23a" class="unit of information">
                <label text="ct:mRNA"/>
                <bbox y="1047.0" x="546.5" h="16.0" w="57.0"/>
            </glyph>
        </glyph>
        <glyph id="glyph65" orientation="vertical" class="process">
            <bbox y="956.0" x="566.0" h="18.0" w="18.0"/>
            <port y="983.0" x="575.0" id="glyph65.2"/>
            <port y="947.0" x="575.0" id="glyph65.1"/>
        </glyph>
        <glyph compartmentRef="glyph1" id="glyph22" class="nucleic acid feature">
            <label text="StAR"/>
            <bbox y="820.0" x="535.0" h="40.0" w="80.0"/>
            <glyph id="glyph22a" class="unit of information">
                <label text="ct:mRNA"/>
                <bbox y="812.0" x="546.5" h="16.0" w="57.0"/>
            </glyph>
        </glyph>
        <glyph compartmentRef="glyph1" id="glyph29" class="macromolecule">
            <label text="PKA cat"/>
            <bbox y="705.0" x="705.0" h="40.0" w="80.0"/>
        </glyph>
        <glyph id="glyph60" orientation="vertical" class="process">
            <bbox y="811.0" x="736.0" h="18.0" w="18.0"/>
            <port y="802.0" x="745.0" id="glyph60.1"/>
            <port y="838.0" x="745.0" id="glyph60.2"/>
        </glyph>
        <glyph compartmentRef="glyph2" id="glyph35" class="macromolecule">
            <label text="PKA cat"/>
            <bbox y="1000.0" x="705.0" h="40.0" w="80.0"/>
        </glyph>
        <glyph compartmentRef="glyph2" id="glyph56" class="simple chemical">
            <label text="ATP"/>
            <bbox y="965.0" x="985.0" h="30.0" w="60.0"/>
        </glyph>
        <glyph id="glyph59" orientation="vertical" class="process">
            <bbox y="1011.0" x="946.0" h="18.0" w="18.0"/>
            <port y="1002.0" x="955.0" id="glyph59.1"/>
            <port y="1038.0" x="955.0" id="glyph59.2"/>
        </glyph>
        <glyph compartmentRef="glyph2" id="glyph55" class="simple chemical">
            <label text="ADP"/>
            <bbox y="1045.0" x="990.0" h="30.0" w="60.0"/>
        </glyph>
        <glyph compartmentRef="glyph2" id="glyph31" class="macromolecule">
            <label text="CRTRC2"/>
            <bbox y="1170.0" x="915.0" h="40.0" w="80.0"/>
        </glyph>
        <glyph compartmentRef="glyph2" id="glyph49" class="macromolecule">
            <label text="CREB"/>
            <bbox y="1090.0" x="915.0" h="40.0" w="80.0"/>
            <glyph id="glyph49a" class="state variable">
                <state value="P"/>
                <bbox y="1120.0" x="943.0" h="20.0" w="24.0"/>
            </glyph>
        </glyph>
        <glyph id="glyph64" class="process">
            <bbox y="1136.0" x="856.0" h="18.0" w="18.0"/>
            <port y="1145.0" x="883.0" id="glyph64.2"/>
            <port y="1145.0" x="847.0" id="glyph64.1"/>
        </glyph>
        <glyph compartmentRef="glyph2" id="glyph12" class="complex">
            <bbox y="1085.0" x="685.0" h="120.0" w="120.0"/>
            <glyph id="glyph51" class="macromolecule">
                <label text="CRTRC2"/>
                <bbox y="1100.0" x="705.0" h="40.0" w="80.0"/>
            </glyph>
            <glyph id="glyph28" class="macromolecule">
                <label text="CREB"/>
                <bbox y="1150.0" x="705.0" h="40.0" w="80.0"/>
                <glyph id="glyph28a" class="state variable">
                    <state value="P"/>
                    <bbox y="1180.0" x="733.0" h="20.0" w="24.0"/>
                </glyph>
            </glyph>
        </glyph>
        <glyph id="glyph63" orientation="vertical" class="process">
            <bbox y="1136.0" x="566.0" h="18.0" w="18.0"/>
            <port y="1127.0" x="575.0" id="glyph63.1"/>
            <port y="1163.0" x="575.0" id="glyph63.2"/>
        </glyph>
        <glyph compartmentRef="glyph3" id="glyph11" class="complex">
            <bbox y="330.0" x="525.0" h="160.0" w="100.0"/>
            <glyph id="glyph40" class="macromolecule">
                <label text="Gsα"/>
                <bbox y="340.0" x="535.0" h="40.0" w="80.0"/>
            </glyph>
            <glyph id="glyph34" class="macromolecule">
                <label text="Gsβ"/>
                <bbox y="390.0" x="535.0" h="40.0" w="80.0"/>
            </glyph>
            <glyph id="glyph41" class="macromolecule">
                <label text="Gsγ"/>
                <bbox y="440.0" x="535.0" h="40.0" w="80.0"/>
            </glyph>
        </glyph>
        <glyph id="glyph66" class="process">
            <bbox y="231.0" x="586.0" h="18.0" w="18.0"/>
            <port y="240.0" x="577.0" id="glyph66.1"/>
            <port y="240.0" x="613.0" id="glyph66.2"/>
        </glyph>
        <arc target="glyph68.1" source="glyph46" id="arc1" class="consumption">
            <start y="235.0" x="210.0"/>
            <end y="235.0" x="287.0"/>
        </arc>
        <arc target="glyph10" source="glyph68.2" id="arc2" class="production">
            <start y="235.0" x="323.0"/>
            <end y="237.22223" x="365.0"/>
        </arc>
        <arc target="glyph68.1" source="glyph21" id="arc3" class="consumption">
            <start y="102.467514" x="223.36134"/>
            <end y="235.0" x="287.0"/>
        </arc>
        <arc target="glyph70" source="glyph43" id="arc4" class="catalysis">
            <start y="475.0" x="1240.0"/>
            <end y="591.0" x="1240.0"/>
        </arc>
        <arc target="glyph62.1" source="glyph37" id="arc5" class="consumption">
            <start y="340.0" x="1240.0"/>
            <end y="367.0" x="1240.0"/>
        </arc>
        <arc target="glyph43" source="glyph62.2" id="arc6" class="production">
            <start y="403.0" x="1240.0"/>
            <end y="435.0" x="1240.0"/>
        </arc>
        <arc target="glyph59.1" source="glyph45" id="arc7" class="consumption">
            <start y="955.0" x="955.0"/>
            <next y="970.0" x="955.0"/>
            <end y="1002.0" x="955.0"/>
        </arc>
        <arc target="glyph49" source="glyph59.2" id="arc8" class="production">
            <start y="1038.0" x="955.0"/>
            <end y="1090.0" x="955.0"/>
        </arc>
        <arc target="glyph63" source="glyph24" id="arc9" class="necessary stimulation">
            <start y="1145.0" x="520.0"/>
            <end y="1145.0" x="566.0"/>
        </arc>
        <arc target="glyph23" source="glyph63.1" id="arc10" class="production">
            <start y="1127.0" x="575.0"/>
            <end y="1095.0" x="575.0"/>
        </arc>
        <arc target="glyph63.2" source="glyph57" id="arc11" class="consumption">
            <start y="1192.0" x="575.0"/>
            <end y="1163.0" x="575.0"/>
        </arc>
        <arc target="glyph27" source="glyph67.2" id="arc12" class="production">
            <start y="763.0" x="340.0"/>
            <end y="982.0" x="340.0"/>
        </arc>
        <arc target="glyph67.1" source="glyph26" id="arc13" class="consumption">
            <start y="673.0" x="340.0"/>
            <end y="727.0" x="340.0"/>
        </arc>
        <arc target="glyph67" source="glyph44" id="arc14" class="stimulation">
            <start y="745.0" x="420.0"/>
            <end y="745.0" x="349.0"/>
        </arc>
        <arc target="glyph71.2" source="glyph8" id="arc15" class="consumption">
            <start y="725.0" x="910.0"/>
            <end y="725.0" x="883.0"/>
        </arc>
        <arc target="glyph14" source="glyph71.1" id="arc16" class="production">
            <start y="725.0" x="847.0"/>
            <end y="660.0" x="800.0"/>
        </arc>
        <arc target="glyph29" source="glyph71.1" id="arc17" class="production">
            <glyph id="glyph89" class="cardinality">
                <label text="2"/>
                <bbox y="706.0" x="806.0" h="18.5" w="22.5"/>
            </glyph>
            <start y="725.0" x="847.0"/>
            <end y="725.0" x="785.0"/>
        </arc>
        <arc target="glyph66.1" source="glyph10" id="arc18" class="consumption">
            <start y="240.0" x="515.0"/>
            <end y="240.0" x="577.0"/>
        </arc>
        <arc target="glyph5" source="glyph66.2" id="arc19" class="production">
            <start y="240.0" x="613.0"/>
            <end y="240.0" x="645.0"/>
        </arc>
        <arc target="glyph62" source="glyph39" id="arc20" class="stimulation">
            <start y="385.0" x="965.0"/>
            <end y="385.0" x="1231.0"/>
        </arc>
        <arc target="glyph61.1" source="glyph5" id="arc21" class="consumption">
            <start y="240.0" x="855.0"/>
            <end y="240.0" x="887.0"/>
        </arc>
        <arc target="glyph7" source="glyph61.2" id="arc22" class="production">
            <start y="240.0" x="923.0"/>
            <end y="240.0" x="955.0"/>
        </arc>
        <arc target="glyph39" source="glyph61.2" id="arc23" class="production">
            <start y="240.0" x="923.0"/>
            <end y="365.0" x="922.2414"/>
        </arc>
        <arc target="glyph70.2" source="glyph52" id="arc24" class="consumption">
            <start y="600.0" x="1280.0"/>
            <end y="600.0" x="1258.0"/>
        </arc>
        <arc target="glyph53" source="glyph70.1" id="arc25" class="production">
            <start y="600.0" x="1222.0"/>
            <end y="549.0" x="1184.0"/>
        </arc>
        <arc target="glyph54" source="glyph70.1" id="arc26" class="production">
            <start y="600.0" x="1222.0"/>
            <end y="600.0" x="1135.0"/>
        </arc>
        <arc target="glyph69.2" source="glyph9" id="arc27" class="consumption">
            <start y="725.0" x="1160.0"/>
            <end y="725.0" x="1108.0"/>
        </arc>
        <arc target="glyph69.2" source="glyph54" id="arc28" class="consumption">
            <glyph id="glyph100" class="cardinality">
                <label text="4"/>
                <bbox y="636.0" x="1094.0" h="18.5" w="22.5"/>
            </glyph>
            <start y="614.99567" x="1105.7198"/>
            <end y="725.0" x="1108.0"/>
        </arc>
        <arc target="glyph8" source="glyph69.1" id="arc29" class="production">
            <start y="725.0" x="1072.0"/>
            <end y="725.0" x="1040.0"/>
        </arc>
        <arc target="glyph44" source="glyph72.1" id="arc30" class="production">
            <start y="745.0" x="557.0"/>
            <end y="745.0" x="500.0"/>
        </arc>
        <arc target="glyph72.2" source="glyph58" id="arc31" class="consumption">
            <start y="745.0" x="632.0"/>
            <end y="745.0" x="593.0"/>
        </arc>
        <arc target="glyph72" source="glyph22" id="arc32" class="necessary stimulation">
            <start y="820.0" x="575.0"/>
            <end y="754.0" x="575.0"/>
        </arc>
        <arc target="glyph65.2" source="glyph23" id="arc33" class="consumption">
            <start y="1055.0" x="575.0"/>
            <end y="983.0" x="575.0"/>
        </arc>
        <arc target="glyph22" source="glyph65.1" id="arc34" class="production">
            <start y="947.0" x="575.0"/>
            <end y="860.0" x="575.0"/>
        </arc>
        <arc target="glyph60.1" source="glyph29" id="arc35" class="consumption">
            <start y="745.0" x="745.0"/>
            <end y="802.0" x="745.0"/>
        </arc>
        <arc target="glyph59" source="glyph35" id="arc36" class="catalysis">
            <start y="1020.0" x="785.0"/>
            <end y="1020.0" x="946.0"/>
        </arc>
        <arc target="glyph35" source="glyph60.2" id="arc37" class="production">
            <start y="838.0" x="745.0"/>
            <end y="1000.0" x="745.0"/>
        </arc>
        <arc target="glyph59.1" source="glyph56" id="arc38" class="consumption">
            <start y="985.1638" x="986.83374"/>
            <end y="1002.0" x="955.0"/>
        </arc>
        <arc target="glyph55" source="glyph59.2" id="arc39" class="production">
            <start y="1038.0" x="955.0"/>
            <end y="1052.1385" x="994.45026"/>
        </arc>
        <arc target="glyph64.2" source="glyph31" id="arc40" class="consumption">
            <start y="1170.0" x="923.0"/>
            <end y="1145.0" x="883.0"/>
        </arc>
        <arc target="glyph64.2" source="glyph49" id="arc41" class="consumption">
            <start y="1129.4445" x="915.0"/>
            <end y="1145.0" x="883.0"/>
        </arc>
        <arc target="glyph12" source="glyph64.1" id="arc42" class="production">
            <start y="1145.0" x="847.0"/>
            <end y="1145.0" x="805.0"/>
        </arc>
        <arc target="glyph63" source="glyph12" id="arc43" class="stimulation">
            <start y="1145.0" x="685.0"/>
            <end y="1145.0" x="584.0"/>
        </arc>
        <arc target="glyph66.1" source="glyph11" id="arc44" class="consumption">
            <start y="330.0" x="575.94116"/>
            <end y="240.0" x="577.0"/>
        </arc>
    </map>
</sbgn>
