<?xml version="1.0" encoding="UTF-8" standalone="yes"?>
<sbgn xmlns="http://sbgn.org/libsbgn/0.2">
    <map language="process description">
        <glyph id="glyph12" class="source and sink">
            <bbox y="17.0" x="137.0" h="36.0" w="36.0"/>
        </glyph>
        <glyph id="glyph11" class="source and sink">
            <bbox y="112.0" x="327.0" h="36.0" w="36.0"/>
        </glyph>
        <glyph id="glyph6" class="macromolecule">
            <label text="GAC"/>
            <bbox y="370.0" x="185.0" h="40.0" w="80.0"/>
            <glyph id="glyph6a" class="state variable">
                <state variable="S314" value=" "/>
                <bbox y="398.0" x="196.5" h="24.0" w="57.0"/>
            </glyph>
        </glyph>
        <glyph id="glyph1" class="nucleic acid feature">
            <label text="PKCε"/>
            <bbox y="90.0" x="220.0" h="40.0" w="80.0"/>
            <glyph id="glyph1a" class="unit of information">
                <label text="ct:gene"/>
                <bbox y="82.0" x="234.5" h="16.0" w="51.0"/>
            </glyph>
        </glyph>
        <glyph id="glyph2" class="nucleic acid feature">
            <label text="PKCε"/>
            <bbox y="185.0" x="115.0" h="40.0" w="80.0"/>
            <glyph id="glyph2a" class="unit of information">
                <label text="ct:mRNA"/>
                <bbox y="177.0" x="126.5" h="16.0" w="57.0"/>
            </glyph>
        </glyph>
        <glyph id="glyph16" orientation="vertical" class="process">
            <bbox y="196.0" x="336.0" h="18.0" w="18.0"/>
            <port y="187.0" x="345.0" id="glyph16.1"/>
            <port y="223.0" x="345.0" id="glyph16.2"/>
        </glyph>
        <glyph id="glyph5" class="macromolecule">
            <label text="NF-κB"/>
            <bbox y="90.0" x="10.0" h="40.0" w="80.0"/>
        </glyph>
        <glyph id="glyph13" orientation="vertical" class="process">
            <bbox y="101.0" x="146.0" h="18.0" w="18.0"/>
            <port y="92.0" x="155.0" id="glyph13.1"/>
            <port y="128.0" x="155.0" id="glyph13.2"/>
        </glyph>
        <glyph id="glyph4" class="macromolecule">
            <label text="PKCε"/>
            <bbox y="265.0" x="305.0" h="40.0" w="80.0"/>
        </glyph>
        <glyph id="glyph8" class="simple chemical">
            <label text="glutamine"/>
            <bbox y="460.0" x="350.0" h="30.0" w="90.0"/>
        </glyph>
        <glyph id="glyph10" class="simple chemical">
            <label text="H2O"/>
            <bbox y="535.0" x="405.0" h="30.0" w="60.0"/>
        </glyph>
        <glyph id="glyph7" class="simple chemical">
            <label text="glutamate"/>
            <bbox y="460.0" x="580.0" h="30.0" w="90.0"/>
        </glyph>
        <glyph id="glyph9" class="simple chemical">
            <label text="NH3"/>
            <bbox y="535.0" x="550.0" h="30.0" w="60.0"/>
        </glyph>
        <glyph id="glyph3" class="macromolecule">
            <label text="GAC"/>
            <bbox y="370.0" x="460.0" h="40.0" w="80.0"/>
            <glyph id="glyph3a" class="state variable">
                <state variable="S314" value="P"/>
                <bbox y="397.0" x="469.5" h="26.0" w="61.0"/>
            </glyph>
        </glyph>
        <glyph id="glyph15" class="process">
            <bbox y="466.0" x="491.0" h="18.0" w="18.0"/>
            <port y="475.0" x="482.0" id="glyph15.1"/>
            <port y="475.0" x="518.0" id="glyph15.2"/>
        </glyph>
        <glyph id="glyph18" class="simple chemical">
            <label text="ATP"/>
            <bbox y="325.0" x="255.0" h="30.0" w="60.0"/>
        </glyph>
        <glyph id="glyph14" class="process">
            <bbox y="381.0" x="336.0" h="18.0" w="18.0"/>
            <port y="390.0" x="327.0" id="glyph14.1"/>
            <port y="390.0" x="363.0" id="glyph14.2"/>
        </glyph>
        <glyph id="glyph17" class="simple chemical">
            <label text="ADP"/>
            <bbox y="325.0" x="380.0" h="30.0" w="60.0"/>
        </glyph>
        <arc target="glyph13.1" source="glyph12" id="arc1" class="consumption">
            <start y="53.0" x="155.0"/>
            <end y="92.0" x="155.0"/>
        </arc>
        <arc target="glyph16.1" source="glyph11" id="arc2" class="consumption">
            <start y="148.0" x="345.0"/>
            <end y="187.0" x="345.0"/>
        </arc>
        <arc target="glyph14.1" source="glyph6" id="arc3" class="consumption">
            <start y="390.0" x="265.0"/>
            <end y="390.0" x="327.0"/>
        </arc>
        <arc target="glyph2" source="glyph13.2" id="arc4" class="production">
            <start y="128.0" x="155.0"/>
            <end y="185.0" x="155.0"/>
        </arc>
        <arc target="glyph4" source="glyph16.2" id="arc5" class="production">
            <start y="223.0" x="345.0"/>
            <end y="265.0" x="345.0"/>
        </arc>
        <arc target="glyph3" source="glyph14.2" id="arc6" class="production">
            <start y="390.0" x="363.0"/>
            <end y="390.0" x="460.0"/>
        </arc>
        <arc target="glyph13" source="glyph1" id="arc7" class="necessary stimulation">
            <start y="110.0" x="220.0"/>
            <end y="110.0" x="164.0"/>
        </arc>
        <arc target="glyph16" source="glyph2" id="arc8" class="necessary stimulation">
            <start y="205.0" x="195.0"/>
            <end y="205.0" x="336.0"/>
        </arc>
        <arc target="glyph13" source="glyph5" id="arc9" class="stimulation">
            <start y="110.0" x="90.0"/>
            <end y="110.0" x="146.0"/>
        </arc>
        <arc target="glyph14" source="glyph4" id="arc10" class="stimulation">
            <start y="305.0" x="345.0"/>
            <end y="381.0" x="345.0"/>
        </arc>
        <arc target="glyph15.1" source="glyph8" id="arc11" class="consumption">
            <start y="475.0" x="440.0"/>
            <end y="475.0" x="482.0"/>
        </arc>
        <arc target="glyph15.1" source="glyph10" id="arc12" class="consumption">
            <start y="537.28955" x="450.93042"/>
            <end y="475.0" x="482.0"/>
        </arc>
        <arc target="glyph7" source="glyph15.2" id="arc13" class="production">
            <start y="475.0" x="518.0"/>
            <end y="475.0" x="580.0"/>
        </arc>
        <arc target="glyph9" source="glyph15.2" id="arc14" class="production">
            <start y="475.0" x="518.0"/>
            <next y="475.0" x="524.0"/>
            <end y="537.9808" x="562.05133"/>
        </arc>
        <arc target="glyph15" source="glyph3" id="arc15" class="catalysis">
            <start y="410.0" x="500.0"/>
            <end y="466.0" x="500.0"/>
        </arc>
        <arc target="glyph14.1" source="glyph18" id="arc16" class="consumption">
            <start y="351.48557" x="304.29578"/>
            <end y="390.0" x="327.0"/>
        </arc>
        <arc target="glyph17" source="glyph14.2" id="arc17" class="production">
            <start y="390.0" x="363.0"/>
            <end y="349.14566" x="386.22128"/>
        </arc>
    </map>
</sbgn>
