<?xml version="1.0" encoding="UTF-8" standalone="yes"?>
<sbgn xmlns="http://sbgn.org/libsbgn/0.2">
    <map language="process description">
        <glyph id="glyph2" class="macromolecule">
            <label text="CAD"/>
            <bbox y="30.0" x="335.0" h="40.0" w="80.0"/>
            <glyph id="glyph2a" class="state variable">
                <state variable="T456" value=" "/>
                <bbox y="58.0" x="346.5" h="24.0" w="57.0"/>
            </glyph>
        </glyph>
        <glyph id="glyph1" class="macromolecule">
            <label text="CAD"/>
            <bbox y="180.0" x="335.0" h="40.0" w="80.0"/>
            <glyph id="glyph1a" class="state variable">
                <state variable="T456" value="P"/>
                <bbox y="207.0" x="344.5" h="26.0" w="61.0"/>
            </glyph>
        </glyph>
        <glyph id="glyph3" class="macromolecule">
            <label text="ERK1/2"/>
            <bbox y="100.0" x="185.0" h="40.0" w="80.0"/>
        </glyph>
        <glyph id="glyph9" class="simple chemical">
            <label text="ATP"/>
            <bbox y="270.0" x="275.0" h="30.0" w="60.0"/>
        </glyph>
        <glyph id="glyph5" class="simple chemical">
            <label text="glutamine"/>
            <bbox y="320.0" x="170.0" h="30.0" w="90.0"/>
        </glyph>
        <glyph id="glyph13" class="simple chemical">
            <label text="HCO3-"/>
            <bbox y="370.0" x="280.0" h="30.0" w="60.0"/>
        </glyph>
        <glyph id="glyph10" class="simple chemical">
            <label text="ADP"/>
            <bbox y="270.0" x="400.0" h="30.0" w="60.0"/>
        </glyph>
        <glyph id="glyph11" class="simple chemical">
            <label text="Pi"/>
            <bbox y="270.0" x="475.0" h="30.0" w="60.0"/>
        </glyph>
        <glyph id="glyph7" class="simple chemical">
            <label text="glutamate"/>
            <bbox y="375.0" x="420.0" h="30.0" w="90.0"/>
        </glyph>
        <glyph id="glyph6" class="process">
            <bbox y="326.0" x="366.0" h="18.0" w="18.0"/>
            <port y="335.0" x="357.0" id="glyph6.1"/>
            <port y="335.0" x="393.0" id="glyph6.2"/>
        </glyph>
        <glyph id="glyph4" class="simple chemical">
            <label text="carbamoyl-P"/>
            <bbox y="320.0" x="545.0" h="30.0" w="100.0"/>
        </glyph>
        <glyph id="glyph12" class="simple chemical">
            <label text="ADP"/>
            <bbox y="140.0" x="415.0" h="30.0" w="60.0"/>
        </glyph>
        <glyph id="glyph8" class="simple chemical">
            <label text="ATP"/>
            <bbox y="75.0" x="415.0" h="30.0" w="60.0"/>
        </glyph>
        <glyph id="glyph14" orientation="vertical" class="process">
            <bbox y="111.0" x="366.0" h="18.0" w="18.0"/>
            <port y="102.0" x="375.0" id="glyph14.1"/>
            <port y="138.0" x="375.0" id="glyph14.2"/>
        </glyph>
        <arc target="glyph6" source="glyph1" id="arc3" class="catalysis">
            <start y="220.0" x="375.0"/>
            <end y="326.0" x="375.0"/>
        </arc>
        <arc target="glyph14.1" source="glyph2" id="arc1" class="consumption">
            <start y="70.0" x="375.0"/>
            <end y="102.0" x="375.0"/>
        </arc>
        <arc target="glyph1" source="glyph14.2" id="arc2" class="production">
            <start y="138.0" x="375.0"/>
            <end y="180.0" x="375.0"/>
        </arc>
        <arc target="glyph14" source="glyph3" id="arc4" class="catalysis">
            <start y="120.0" x="265.0"/>
            <end y="120.0" x="366.0"/>
        </arc>
        <arc target="glyph6.1" source="glyph9" id="arc5" class="consumption">
            <start y="295.39664" x="326.625"/>
            <end y="335.0" x="357.0"/>
        </arc>
        <arc target="glyph6.1" source="glyph5" id="arc6" class="consumption">
            <start y="335.0" x="260.0"/>
            <end y="335.0" x="357.0"/>
        </arc>
        <arc target="glyph6.1" source="glyph13" id="arc7" class="consumption">
            <start y="374.0706" x="330.5473"/>
            <end y="335.0" x="357.0"/>
        </arc>
        <arc target="glyph10" source="glyph6.2" id="arc8" class="production">
            <start y="335.0" x="393.0"/>
            <end y="295.0901" x="407.8018"/>
        </arc>
        <arc target="glyph11" source="glyph6.2" id="arc9" class="production">
            <start y="335.0" x="393.0"/>
            <end y="290.38467" x="476.99963"/>
        </arc>
        <arc target="glyph7" source="glyph6.2" id="arc10" class="production">
            <start y="335.0" x="393.0"/>
            <end y="382.17825" x="426.60233"/>
        </arc>
        <arc target="glyph4" source="glyph6.2" id="arc11" class="production">
            <start y="335.0" x="393.0"/>
            <end y="335.0" x="545.0"/>
        </arc>
        <arc target="glyph12" source="glyph14.2" id="arc12" class="production">
            <start y="138.0" x="375.0"/>
            <end y="148.2918" x="418.16718"/>
        </arc>
        <arc target="glyph14.1" source="glyph8" id="arc13" class="consumption">
            <start y="92.534454" x="415.43134"/>
            <end y="102.0" x="375.0"/>
        </arc>
    </map>
</sbgn>
